Business Name,Industry,Business Size,Website,Social Media,SEO Score,Budget,Goal,Recommended Service
"Crist, Kohler and Casper",IT Services,Small,True,Medium,77,17507,Automate Operations,Website Development
"McDermott, King and Kunde",Real Estate,Small,True,High,61,479768,Improve Online Presence,SEO
King-Kohler,E-commerce,Medium,True,Medium,71,281992,Launch Mobile App,App Development
Hauck-Ferry,Retail,Small,False,Medium,63,696013,Improve Online Presence,Website Development
Veum-Hills,Manufacturing,Small,True,Low,98,736705,Expand Business,Branding
Wiegand Group,Education,Large,False,High,9,760660,Increase Website Traffic,Website Development
"Batz, Sauer and Leannon",Real Estate,Large,True,High,26,733995,Expand Business,SEO
Hand-Olson,Education,Medium,False,Low,71,638025,Improve Customer Experience,Website Development
"Keeling, Lowe and Gutkowski",Education,Small,False,Low,7,300740,Expand Business,Website Development
Strosin and Sons,Restaurant,Large,True,Low,92,352143,Improve Online Presence,Social Media Marketing
"Bartoletti, Reilly and Kozey",Restaurant,Medium,True,Medium,87,918956,Boost Sales,Social Media Marketing
"Donnelly, Hettinger and Spinka",E-commerce,Medium,True,High,2,167568,Automate Operations,AI Automation
"Jacobs, Christiansen and Wolff",Real Estate,Medium,False,Low,64,951403,Improve Customer Experience,Website Development
"Mitchell, Lindgren and Schulist",Restaurant,Medium,False,High,78,864581,Increase Customers,Website Development
"Howell, Gottlieb and Parisian",Finance,Medium,False,Low,99,478474,Automate Operations,AI Automation
Morissette-Schultz,Education,Large,True,High,45,266211,Increase Website Traffic,SEO
Wunsch-Block,Healthcare,Small,False,Low,34,581366,Brand Awareness,Website Development
"Turcotte, Macejkovic and Hoeger",Education,Medium,True,High,61,529065,Expand Business,Branding
"Heathcote, Ortiz and Koelpin",E-commerce,Large,False,Medium,15,198854,Improve Online Presence,Branding
Rowe-Roob,Travel,Small,True,Low,19,859618,Improve Customer Experience,SEO
Effertz-Braun,Healthcare,Small,True,Medium,8,968862,Expand Business,SEO
Prohaska Inc,Finance,Small,False,Low,24,961124,Launch Mobile App,App Development
"Christiansen, Deckow and Mueller",Healthcare,Small,True,Medium,26,262818,Generate Leads,SEO
Kozey-Romaguera,Manufacturing,Small,False,High,58,553666,Increase Website Traffic,Website Development
Quigley-Kuhic,Real Estate,Large,False,High,26,542899,Generate Leads,Website Development
Schultz-Casper,Retail,Large,False,Medium,19,540595,Boost Sales,Website Development
"Green, Hermiston and Cronin",Real Estate,Small,True,High,28,3389,Increase Website Traffic,SEO
Homenick-Turcotte,Education,Large,True,Low,37,942881,Boost Sales,SEO
"Konopelski, Abshire and Botsford",Finance,Medium,False,Low,36,944194,Increase Website Traffic,Website Development
Christiansen Inc,Finance,Medium,False,High,13,332705,Launch Mobile App,App Development
Waters Inc,Education,Small,True,Low,71,31313,Improve Customer Experience,Branding
"Kshlerin, Greenholt and Hermann",Finance,Small,True,Low,32,771903,Increase Customers,SEO
Grant LLC,Finance,Medium,True,Medium,48,727963,Boost Sales,Social Media Marketing
Flatley Group,IT Services,Medium,False,Medium,62,771887,Boost Sales,Website Development
"Johnson, Altenwerth and Vandervort",Finance,Small,True,High,32,929064,Launch Mobile App,App Development
Dooley-Bergnaum,Healthcare,Small,True,Medium,62,7402,Improve Customer Experience,Branding
Vandervort-Batz,Travel,Large,False,Low,26,452597,Brand Awareness,Website Development
Labadie-Larson,Real Estate,Small,True,High,19,35085,Increase Website Traffic,SEO
Moen-Heaney,Restaurant,Large,False,Low,57,573848,Increase Website Traffic,Website Development
Graham-Hand,IT Services,Large,True,High,89,783522,Brand Awareness,Branding
"Mayert, Boyle and Rice",IT Services,Small,True,High,29,222114,Boost Sales,SEO
Robel Group,Real Estate,Large,False,Medium,14,246360,Expand Business,Website Development
Weissnat-Feeney,Education,Small,True,High,15,398452,Increase Website Traffic,SEO
Bechtelar-Mann,Manufacturing,Large,False,High,78,700045,Automate Operations,AI Automation
Leuschke Group,Retail,Large,False,Medium,8,649597,Boost Sales,Website Development
"Berge, Kling and Rutherford",Manufacturing,Large,False,High,88,56426,Improve Customer Experience,Branding
Nader Inc,Retail,Small,True,Medium,45,507448,Improve Online Presence,SEO
Langosh Inc,Restaurant,Small,True,Low,14,879078,Improve Customer Experience,SEO
Stehr Inc,Travel,Medium,True,Medium,63,623008,Generate Leads,Social Media Marketing
"Parker, Abernathy and Bode",Real Estate,Small,False,Low,88,424693,Improve Customer Experience,Website Development
Thiel Inc,Healthcare,Medium,True,High,32,103306,Launch Mobile App,App Development
Grimes-Collins,Travel,Large,False,Low,95,272982,Improve Online Presence,Website Development
Hirthe-Durgan,Retail,Small,True,High,82,179140,Improve Customer Experience,Branding
Pollich and Sons,Manufacturing,Large,False,High,44,822582,Boost Sales,Website Development
Bahringer Inc,E-commerce,Large,False,Low,12,799434,Increase Website Traffic,Website Development
"Nolan, Stoltenberg and Feest",E-commerce,Large,True,Medium,43,884955,Launch Mobile App,App Development
Larson Inc,E-commerce,Medium,True,Medium,73,880811,Boost Sales,Social Media Marketing
"Bartell, Ferry and Turner",Education,Small,False,High,46,561168,Expand Business,Website Development
Konopelski and Sons,Restaurant,Medium,False,Low,17,59478,Launch Mobile App,App Development
"Willms, Klein and Jacobi",Restaurant,Medium,True,Medium,98,90018,Improve Online Presence,SEO
Romaguera-Okuneva,Travel,Small,True,Low,7,595115,Increase Website Traffic,SEO
Bechtelar and Sons,Education,Small,False,Low,72,136587,Expand Business,Social Media Marketing
Nienow LLC,Healthcare,Medium,True,High,12,678717,Generate Leads,SEO
Bailey LLC,IT Services,Large,False,Low,93,203022,Increase Website Traffic,Website Development
Stracke-Johnston,IT Services,Small,True,Medium,91,174937,Brand Awareness,Branding
Emmerich Group,Education,Medium,True,Medium,6,449361,Increase Website Traffic,SEO
Funk-Lowe,Finance,Small,False,Low,37,843933,Increase Customers,Website Development
Herman and Sons,Real Estate,Small,True,Low,11,366804,Improve Customer Experience,SEO
Kiehn-Prohaska,IT Services,Medium,False,High,2,181224,Increase Customers,Branding
VonRueden Group,E-commerce,Large,True,Low,60,501393,Increase Customers,Branding
Ankunding-McClure,Retail,Medium,True,Medium,100,18778,Launch Mobile App,App Development
Moen-Zemlak,Restaurant,Medium,True,Medium,20,799021,Increase Website Traffic,SEO
"Hackett, Schulist and Powlowski",Education,Small,False,Medium,8,545050,Expand Business,Website Development
Nader and Sons,Restaurant,Medium,True,Medium,3,156152,Launch Mobile App,App Development
"Bosco, Schinner and Cummings",Healthcare,Large,True,High,3,922341,Brand Awareness,SEO
"Dickinson, Oberbrunner and Thiel",Healthcare,Large,False,Medium,61,976127,Boost Sales,Website Development
Price-Vandervort,Real Estate,Medium,False,Medium,66,651014,Improve Online Presence,Website Development
"Reinger, Kunze and Larson",Retail,Medium,False,High,22,815327,Automate Operations,AI Automation
Schultz-Stiedemann,Education,Small,True,High,96,177172,Increase Customers,Branding
"Kulas, Schowalter and Littel",Finance,Medium,True,High,93,122234,Automate Operations,AI Automation
Abernathy and Sons,Real Estate,Medium,False,Low,70,322076,Increase Website Traffic,Website Development
"Labadie, Schimmel and Bergnaum",Healthcare,Small,True,Low,85,656198,Expand Business,Branding
"Breitenberg, Hilll and Kris",IT Services,Small,False,Medium,82,51472,Increase Website Traffic,Branding
"Wunsch, Dach and Macejkovic",Finance,Small,False,High,35,849631,Expand Business,Website Development
"Dietrich, Klein and Wunsch",Healthcare,Medium,True,Medium,3,559056,Boost Sales,SEO
Keebler-Harber,E-commerce,Large,False,Low,60,5979,Automate Operations,Website Development
Rogahn Inc,Retail,Large,False,Low,85,293412,Boost Sales,Website Development
Witting Inc,Manufacturing,Large,False,Medium,35,694297,Automate Operations,AI Automation
Hagenes-Stoltenberg,Manufacturing,Small,False,High,2,774923,Automate Operations,AI Automation
Boehm-Bergstrom,Finance,Small,False,High,21,552413,Automate Operations,AI Automation
"Wisoky, Simonis and Ortiz",Restaurant,Small,True,Medium,13,365527,Boost Sales,SEO
Maggio-Abbott,Retail,Medium,False,Low,80,72338,Expand Business,Social Media Marketing
Dicki LLC,Real Estate,Small,True,High,14,56280,Boost Sales,SEO
Koss-Schmitt,Restaurant,Large,True,Low,38,419717,Boost Sales,SEO
Windler-Schultz,Real Estate,Large,False,Low,52,315820,Improve Online Presence,Website Development
"Hintz, Reinger and Goyette",Real Estate,Small,True,Medium,59,53351,Improve Customer Experience,Branding
Sanford Group,Manufacturing,Medium,True,High,37,788714,Expand Business,SEO
Kohler Group,Restaurant,Large,False,High,91,456390,Improve Customer Experience,Website Development
Powlowski-Brekke,Finance,Medium,False,High,99,692560,Brand Awareness,Website Development
"Hagenes, Casper and Fritsch",E-commerce,Large,True,Low,6,158326,Improve Customer Experience,SEO
Pacocha and Sons,Restaurant,Medium,True,Medium,47,957490,Generate Leads,Social Media Marketing
"Hudson, Schoen and Pouros",Retail,Small,False,High,24,423858,Increase Customers,Website Development
Schuster Group,Healthcare,Large,False,High,49,33569,Increase Customers,Branding
Ferry-Bartoletti,Manufacturing,Large,True,High,90,381119,Improve Customer Experience,Branding
Kilback Group,Finance,Large,True,Low,12,187195,Launch Mobile App,App Development
Kassulke-Langworth,Real Estate,Small,False,Low,28,916062,Generate Leads,Website Development
"Waters, Monahan and Kub",Healthcare,Medium,True,High,13,654388,Improve Customer Experience,SEO
Blanda-Schimmel,Restaurant,Small,True,High,65,438472,Generate Leads,Social Media Marketing
"Conroy, Sipes and Cartwright",Retail,Small,False,Low,97,707849,Launch Mobile App,App Development
Mraz-Hermann,Travel,Medium,True,Low,2,795362,Increase Customers,SEO
Willms-Becker,IT Services,Large,True,High,83,801935,Launch Mobile App,App Development
Abbott and Sons,Retail,Small,False,Medium,22,265426,Brand Awareness,Website Development
Watsica LLC,Education,Small,False,High,9,90207,Brand Awareness,Branding
Cartwright-Trantow,Retail,Small,True,High,4,108008,Boost Sales,SEO
Durgan and Sons,Real Estate,Large,True,Medium,59,942762,Brand Awareness,Branding
Parker-Cartwright,Healthcare,Large,False,High,69,448587,Increase Customers,Website Development
Lebsack-West,Restaurant,Large,True,High,96,731671,Boost Sales,Social Media Marketing
Littel and Sons,Real Estate,Small,False,Medium,90,234447,Improve Online Presence,Website Development
Blanda Inc,IT Services,Small,True,High,29,7036,Improve Customer Experience,SEO
Maggio Inc,Finance,Medium,True,Low,55,51467,Expand Business,SEO
"Greenfelder, Ruecker and Harber",Healthcare,Large,False,Medium,78,245227,Improve Online Presence,Website Development
Hermann-Grady,IT Services,Medium,True,Medium,85,42726,Boost Sales,Social Media Marketing
Erdman-Steuber,IT Services,Small,False,Medium,91,615921,Generate Leads,Website Development
Willms-Hoeger,IT Services,Medium,False,High,3,359723,Boost Sales,Website Development
Greenholt and Sons,Healthcare,Small,False,Low,64,65440,Boost Sales,Social Media Marketing
"Ward, Koelpin and Murray",Finance,Small,True,Medium,35,3940,Brand Awareness,SEO
Jakubowski and Sons,Healthcare,Small,False,High,12,973180,Increase Customers,Website Development
"Hamill, Howe and Reynolds",Travel,Small,False,High,28,560304,Automate Operations,AI Automation
Ankunding and Sons,IT Services,Large,True,Low,28,437194,Expand Business,SEO
"Gorczany, Hudson and Lynch",Healthcare,Large,False,High,82,232414,Increase Customers,Website Development
Brown Group,Healthcare,Small,False,High,16,237461,Brand Awareness,Website Development
Hills Group,Retail,Large,True,Medium,40,160936,Launch Mobile App,App Development
Miller Inc,IT Services,Small,True,Low,26,937237,Automate Operations,AI Automation
"Ward, Jakubowski and Stamm",Travel,Medium,True,Low,27,42502,Launch Mobile App,App Development
Farrell Group,Real Estate,Small,False,Medium,78,94738,Increase Customers,Branding
Hettinger-Kessler,Healthcare,Medium,True,Low,40,599300,Expand Business,Branding
Crist-Block,Real Estate,Small,True,High,41,581146,Improve Customer Experience,Branding
"Barrows, White and Sanford",Retail,Large,True,Medium,48,502840,Brand Awareness,Branding
O'Conner-D'Amore,Real Estate,Medium,False,Low,92,603095,Launch Mobile App,App Development
Welch-Hagenes,Healthcare,Medium,True,High,54,738733,Automate Operations,AI Automation
Reilly-Simonis,Manufacturing,Medium,False,Low,10,924449,Generate Leads,Website Development
"Fadel, King and Brown",Retail,Small,False,Low,29,160900,Automate Operations,AI Automation
Hoeger-Mueller,Real Estate,Medium,True,High,21,594837,Launch Mobile App,App Development
Ledner and Sons,Restaurant,Medium,True,Medium,86,23523,Improve Customer Experience,Branding
"Emard, Grady and Fahey",Retail,Small,True,High,42,368247,Improve Customer Experience,Branding
"Marks, Ledner and Cronin",Finance,Large,True,Medium,52,612482,Brand Awareness,Branding
Witting-Schmidt,Real Estate,Large,True,High,14,593550,Brand Awareness,SEO
"McClure, Ondricka and Morissette",Retail,Large,True,Medium,15,351180,Generate Leads,SEO
Auer-Conn,IT Services,Medium,True,High,84,214818,Automate Operations,AI Automation
Reinger-Rohan,E-commerce,Small,True,High,75,400005,Expand Business,Branding
"Leannon, Batz and Metz",Retail,Large,False,High,5,554885,Brand Awareness,Website Development
"Tromp, Miller and Cummings",Manufacturing,Small,True,Medium,67,34614,Boost Sales,Social Media Marketing
Jaskolski-Jakubowski,IT Services,Medium,False,Low,30,744285,Improve Customer Experience,Website Development
Skiles-Bogisich,Real Estate,Large,True,Medium,5,711632,Generate Leads,SEO
Mertz and Sons,Restaurant,Large,True,Medium,89,853020,Increase Customers,Branding
Morissette-Herman,Travel,Large,False,High,60,286821,Improve Customer Experience,Website Development
Kutch LLC,Travel,Medium,False,High,11,264690,Improve Customer Experience,Website Development
Trantow-Beer,Real Estate,Large,False,High,72,142701,Increase Customers,Branding
Conroy LLC,Healthcare,Medium,True,High,19,712018,Expand Business,SEO
"Orn, Witting and Beatty",Retail,Large,False,Low,45,633362,Automate Operations,AI Automation
Davis-Ferry,Real Estate,Small,True,High,38,750144,Increase Customers,SEO
"Hessel, Daniel and Ruecker",E-commerce,Large,True,Low,74,345617,Expand Business,Branding
"Hessel, Johns and Will",Manufacturing,Small,True,High,14,22789,Automate Operations,Website Development
"Gusikowski, Jacobs and Williamson",IT Services,Medium,True,Low,34,305213,Brand Awareness,SEO
Olson Group,Education,Large,False,Low,1,583931,Improve Customer Experience,Website Development
Denesik-Dickinson,Healthcare,Large,True,Low,65,939976,Improve Customer Experience,Branding
Ratke-Schaefer,Manufacturing,Small,True,Medium,96,580511,Expand Business,Branding
Cummings and Sons,Restaurant,Small,False,Medium,63,633079,Increase Website Traffic,Website Development
"Nicolas, Will and Hessel",Retail,Small,True,Low,57,603147,Generate Leads,Social Media Marketing
Keeling-Williamson,Retail,Medium,False,High,79,687883,Brand Awareness,Website Development
Schuppe Group,Manufacturing,Medium,True,Medium,32,125082,Increase Website Traffic,SEO
Leuschke LLC,Restaurant,Large,True,Low,100,138662,Improve Online Presence,Social Media Marketing
"Schaefer, Gerhold and Hirthe",Real Estate,Medium,True,Low,1,801292,Expand Business,SEO
"Dibbert, Cruickshank and Green",E-commerce,Medium,False,Medium,37,811659,Generate Leads,Website Development
"MacGyver, Mohr and Thiel",Retail,Medium,True,High,16,910742,Brand Awareness,SEO
Grimes-Schneider,Travel,Small,True,High,27,22884,Boost Sales,SEO
Kulas-Ritchie,Retail,Large,True,Low,28,93213,Improve Online Presence,SEO
Kilback-Pacocha,E-commerce,Large,False,High,61,283646,Generate Leads,Website Development
"Grady, Weber and Lind",IT Services,Medium,True,Low,27,669139,Increase Customers,SEO
Waelchi and Sons,E-commerce,Small,True,Medium,89,568890,Improve Customer Experience,Branding
Ondricka Inc,Finance,Small,True,Low,91,993216,Launch Mobile App,App Development
"Bernhard, O'Connell and Langworth",IT Services,Small,False,Low,84,390920,Automate Operations,AI Automation
"Johnson, Ruecker and Lebsack",Education,Medium,True,Low,97,721802,Boost Sales,Social Media Marketing
Morissette Inc,Travel,Small,False,High,87,778649,Increase Customers,Website Development
"Fahey, Hintz and Lebsack",Finance,Large,True,High,70,938316,Increase Website Traffic,SEO
Schmitt and Sons,Education,Small,False,High,22,750245,Automate Operations,AI Automation
Schumm and Sons,E-commerce,Large,False,High,81,486174,Launch Mobile App,App Development
Weimann-Cummings,Restaurant,Large,True,Medium,12,438116,Launch Mobile App,App Development
Swift-Mayert,E-commerce,Large,False,Medium,1,580592,Improve Customer Experience,Website Development
Schmeler-Reilly,Restaurant,Small,False,High,1,2749,Boost Sales,Branding
Russel Group,Restaurant,Large,False,Medium,19,64411,Brand Awareness,Branding
Armstrong-Thompson,Real Estate,Small,True,Medium,13,729776,Launch Mobile App,App Development
Denesik-Bednar,Manufacturing,Medium,False,Medium,59,706527,Boost Sales,Website Development
McCullough-Block,Real Estate,Small,True,Medium,34,379655,Automate Operations,AI Automation
Nitzsche-Heller,E-commerce,Small,False,Low,57,803227,Automate Operations,AI Automation
"Tromp, Daugherty and Tillman",Manufacturing,Large,False,Medium,78,965228,Brand Awareness,Website Development
Hills-Muller,IT Services,Small,True,Medium,45,727268,Expand Business,Branding
Padberg LLC,Real Estate,Small,True,Low,89,817442,Increase Customers,Branding
Ernser Group,IT Services,Small,True,Medium,100,404957,Improve Customer Experience,Branding
"VonRueden, Wehner and Stehr",Retail,Medium,False,High,17,1280,Launch Mobile App,App Development
Hackett-Beer,Restaurant,Small,False,Low,0,439637,Increase Website Traffic,Website Development
Schmitt LLC,E-commerce,Large,False,High,91,86131,Improve Online Presence,Branding
Okuneva Group,Restaurant,Small,True,High,87,303842,Generate Leads,Social Media Marketing
"Rosenbaum, Hayes and Powlowski",Education,Medium,True,Low,68,800700,Boost Sales,Social Media Marketing
Ruecker and Sons,Real Estate,Large,False,Low,30,571833,Generate Leads,Website Development
McGlynn-Herman,Restaurant,Large,False,Medium,92,72454,Automate Operations,Website Development
Maggio LLC,Finance,Large,True,High,3,503920,Automate Operations,AI Automation
Keeling-Kohler,E-commerce,Small,True,High,7,824316,Expand Business,SEO
"Mills, Lakin and Metz",Healthcare,Medium,False,High,96,826965,Improve Customer Experience,Website Development
Boyer-Boehm,Manufacturing,Small,True,High,19,9337,Automate Operations,Website Development
"Littel, Prosacco and Balistreri",Travel,Large,False,Medium,57,27020,Boost Sales,Branding
Simonis-Sporer,E-commerce,Medium,True,High,92,660660,Brand Awareness,Branding
"Grimes, Dach and Grimes",E-commerce,Small,True,High,40,149433,Launch Mobile App,App Development
"Koss, Witting and Beatty",Finance,Small,True,Medium,34,675625,Improve Customer Experience,SEO
Harris-Adams,Travel,Large,True,High,13,292728,Expand Business,SEO
Harvey and Sons,Real Estate,Large,True,Low,93,143999,Improve Customer Experience,Branding
Beier and Sons,IT Services,Medium,True,Low,57,685059,Generate Leads,Social Media Marketing
Prohaska-Roberts,Education,Large,True,High,27,20346,Automate Operations,Website Development
Bednar-Armstrong,Travel,Large,True,High,51,446001,Improve Customer Experience,Branding
Howell-Reilly,E-commerce,Medium,True,Low,56,639983,Boost Sales,Social Media Marketing
"Runolfsdottir, Feil and Turner",E-commerce,Large,False,Medium,31,831081,Launch Mobile App,App Development
"Ruecker, Wintheiser and Zulauf",Restaurant,Medium,True,Medium,60,873685,Expand Business,Branding
Grimes LLC,E-commerce,Medium,False,Low,79,635889,Improve Online Presence,Website Development
Dicki Group,IT Services,Small,True,Low,87,636197,Generate Leads,Social Media Marketing
"Gislason, Nienow and Marks",Travel,Small,True,High,33,924656,Increase Website Traffic,SEO
Windler Inc,Restaurant,Medium,True,Medium,53,874965,Boost Sales,Social Media Marketing
Stokes-Beer,Healthcare,Small,True,High,56,475218,Expand Business,Branding
Schumm Inc,Manufacturing,Small,False,High,45,939446,Increase Website Traffic,Website Development
Strosin and Sons,Travel,Small,False,High,3,738901,Increase Website Traffic,Website Development
"Gibson, Volkman and Zieme",Retail,Large,True,Low,91,423362,Generate Leads,Social Media Marketing
Kuhn LLC,Healthcare,Medium,True,Medium,2,575840,Increase Customers,SEO
Bayer-Cole,Finance,Medium,False,High,68,92394,Improve Online Presence,Branding
Wintheiser Inc,Education,Large,True,High,41,661660,Automate Operations,AI Automation
"Cartwright, Tillman and King",Restaurant,Large,False,Low,42,921629,Improve Customer Experience,Website Development
Roberts Inc,Finance,Large,False,Medium,71,494112,Launch Mobile App,App Development
Rogahn-Corwin,Restaurant,Large,True,Medium,63,492649,Increase Customers,Branding
Okuneva-Considine,IT Services,Large,True,High,91,239103,Expand Business,Branding
"Bogan, Stracke and Bernier",Restaurant,Medium,False,Low,70,159403,Launch Mobile App,App Development
"Hane, Beer and Bogan",Education,Large,True,Low,89,879028,Increase Customers,Branding
Kilback-Kreiger,IT Services,Large,False,Medium,33,440708,Increase Website Traffic,Website Development
Batz-Kertzmann,Restaurant,Large,True,High,65,837625,Increase Customers,Branding
Smitham LLC,Restaurant,Large,False,Low,46,592582,Increase Website Traffic,Website Development
Hamill Group,Education,Large,False,Medium,61,426242,Expand Business,Website Development
Nienow Group,Education,Medium,False,High,87,680076,Improve Customer Experience,Website Development
"Auer, Jacobi and Lynch",E-commerce,Medium,True,Medium,95,306242,Boost Sales,Social Media Marketing
Wisoky-Mayert,IT Services,Small,True,Medium,7,275929,Boost Sales,SEO
Shanahan Group,Healthcare,Large,True,Low,60,567494,Automate Operations,AI Automation
Jones Inc,Manufacturing,Large,True,Low,80,835004,Increase Website Traffic,SEO
Ziemann LLC,Healthcare,Small,False,Low,76,244525,Improve Online Presence,Website Development
"Grady, Fritsch and Kuhic",Restaurant,Medium,True,Medium,52,831908,Increase Website Traffic,SEO
Rippin-Runolfsdottir,E-commerce,Large,True,Medium,97,990929,Brand Awareness,Branding
Zemlak-Sauer,Finance,Large,False,Low,75,717672,Increase Website Traffic,Website Development
White Group,Retail,Small,False,Low,4,850383,Automate Operations,AI Automation
Franecki-Mohr,Education,Medium,True,Medium,43,415440,Increase Website Traffic,SEO
"Bernhard, McCullough and Tremblay",IT Services,Medium,False,Low,58,97527,Improve Customer Experience,Social Media Marketing
Heathcote-Streich,Travel,Large,False,Low,58,814241,Expand Business,Website Development
Fadel and Sons,Restaurant,Small,True,Medium,61,61402,Brand Awareness,Branding
Kunde and Sons,Finance,Small,False,Medium,91,928769,Improve Customer Experience,Website Development
McDermott-Gerhold,Healthcare,Large,True,High,15,236263,Brand Awareness,SEO
Kovacek Group,E-commerce,Large,False,Low,80,673437,Boost Sales,Website Development
Mraz LLC,Healthcare,Small,False,Low,10,582767,Automate Operations,AI Automation
Goldner and Sons,E-commerce,Small,True,High,100,501415,Generate Leads,Social Media Marketing
"Grady, Stoltenberg and Johnson",Travel,Small,True,Medium,16,128107,Automate Operations,AI Automation
"Conn, Mayert and Aufderhar",E-commerce,Large,True,Low,43,364918,Generate Leads,Social Media Marketing
Nicolas Group,IT Services,Medium,False,High,49,147594,Launch Mobile App,App Development
Schimmel and Sons,Travel,Small,False,Low,28,745890,Increase Customers,Website Development
"Towne, Hermiston and Jast",Travel,Large,False,High,16,455818,Boost Sales,Website Development
"Ruecker, Walsh and Fay",IT Services,Small,False,High,71,432640,Increase Customers,Website Development
Bailey Group,Manufacturing,Large,False,Low,17,438631,Boost Sales,Website Development
"Blanda, Paucek and Rice",Travel,Small,True,Low,86,488060,Improve Online Presence,Social Media Marketing
O'Connell-Kerluke,Finance,Large,False,Low,33,60038,Generate Leads,Social Media Marketing
Torp-Bednar,IT Services,Large,False,Medium,58,331977,Brand Awareness,Website Development
Okuneva Group,E-commerce,Medium,True,Low,59,529814,Increase Website Traffic,SEO
"Pfannerstill, Howe and Beer",Finance,Medium,True,Medium,35,664564,Brand Awareness,SEO
McDermott Group,Restaurant,Large,True,High,24,247538,Increase Customers,SEO
Schulist-Bergnaum,Healthcare,Small,False,Low,33,642264,Automate Operations,AI Automation
Yost-Kirlin,E-commerce,Small,True,Medium,26,57027,Increase Website Traffic,SEO
Terry-Smith,Real Estate,Small,True,Medium,34,810331,Boost Sales,SEO
Gorczany-Powlowski,Education,Medium,False,Low,28,197756,Brand Awareness,Social Media Marketing
Gulgowski-Bartell,Real Estate,Medium,True,Medium,21,433691,Boost Sales,SEO
Little Inc,Education,Large,False,Medium,90,625467,Increase Website Traffic,Website Development
"Goldner, Beier and Erdman",Education,Large,True,Low,17,749743,Increase Customers,SEO
Prosacco LLC,Restaurant,Small,True,Medium,6,152413,Brand Awareness,SEO
Hartmann LLC,Real Estate,Small,True,Medium,4,935122,Improve Customer Experience,SEO
Wisozk and Sons,Education,Small,True,High,65,711240,Boost Sales,Social Media Marketing
Lindgren Inc,Real Estate,Large,True,High,79,502764,Expand Business,Branding
Sipes-Ruecker,Travel,Large,False,Medium,29,965624,Generate Leads,Website Development
Quigley Group,E-commerce,Small,True,High,79,259351,Improve Online Presence,SEO
Kris Inc,Retail,Large,True,Medium,90,423269,Generate Leads,Social Media Marketing
Hauck-Kertzmann,E-commerce,Small,False,Medium,95,4030,Expand Business,Branding
"Lueilwitz, Graham and Jast",Real Estate,Small,False,Medium,25,521872,Improve Online Presence,Website Development
Botsford-Bosco,Travel,Medium,True,Medium,5,379876,Increase Customers,SEO
Bins-Bednar,Education,Large,False,High,98,821333,Expand Business,Website Development
Doyle Inc,E-commerce,Large,False,High,50,241786,Launch Mobile App,App Development
Green Inc,Healthcare,Large,True,Low,43,722896,Launch Mobile App,App Development
Lakin Group,IT Services,Small,False,Medium,4,715875,Improve Online Presence,Website Development
Bruen-Bayer,Restaurant,Small,False,Low,28,538152,Increase Customers,Website Development
Stracke-Jerde,Finance,Medium,False,Medium,17,154012,Increase Website Traffic,Branding
"Rutherford, Brown and Leffler",Education,Large,False,Medium,36,732247,Boost Sales,Website Development
Bashirian-Schamberger,Restaurant,Large,False,High,15,387402,Expand Business,Website Development
"Zemlak, Daugherty and Lynch",Travel,Small,False,Medium,100,546624,Improve Online Presence,Website Development
Schiller-Trantow,Education,Medium,True,High,26,401491,Brand Awareness,SEO
"Kovacek, Schroeder and Dietrich",Real Estate,Medium,False,Low,59,163146,Increase Customers,Social Media Marketing
Kovacek Inc,Healthcare,Small,False,High,64,443451,Launch Mobile App,App Development
"Daniel, Senger and Rath",E-commerce,Large,False,High,24,425006,Increase Customers,Website Development
Langworth-Considine,Manufacturing,Large,False,Low,61,49062,Brand Awareness,Social Media Marketing
"Green, Connelly and Nikolaus",Healthcare,Medium,False,Low,92,570283,Improve Customer Experience,Website Development
"Cole, Wolf and Hamill",Healthcare,Medium,False,High,78,754480,Improve Customer Experience,Website Development
"Terry, Johnston and Stroman",Finance,Large,False,Medium,97,61270,Boost Sales,Branding
Mertz-Aufderhar,E-commerce,Small,True,Medium,51,280474,Increase Website Traffic,SEO
Prohaska Group,Finance,Small,False,Low,74,818022,Automate Operations,AI Automation
Keeling-Jast,Education,Medium,False,Medium,52,237596,Increase Customers,Website Development
Ruecker Inc,Travel,Small,False,Low,61,487126,Launch Mobile App,App Development
Sauer Inc,Healthcare,Small,True,Low,56,449677,Generate Leads,Social Media Marketing
"Wilderman, Armstrong and Rempel",Restaurant,Small,True,High,56,105471,Increase Customers,Branding
Metz and Sons,E-commerce,Small,False,Low,21,634680,Launch Mobile App,App Development
King-Sauer,Healthcare,Large,False,Low,36,293752,Improve Customer Experience,Website Development
"Gibson, Kemmer and Cummings",Healthcare,Large,True,High,89,854704,Brand Awareness,Branding
Lang-McKenzie,Travel,Small,False,Low,58,701716,Brand Awareness,Website Development
Hand-Hodkiewicz,E-commerce,Large,True,Medium,35,389513,Improve Online Presence,SEO
Koss-Bruen,Real Estate,Small,False,Low,96,279649,Generate Leads,Website Development
Green-Hackett,Restaurant,Small,True,Low,67,826855,Automate Operations,AI Automation
Hand LLC,Restaurant,Large,True,High,70,212652,Generate Leads,Social Media Marketing
"Bahringer, Koss and Parker",Retail,Large,False,Medium,21,802612,Boost Sales,Website Development
"Hayes, Von and Friesen",Healthcare,Medium,True,Low,13,334356,Boost Sales,SEO
Fadel-Dickens,Travel,Large,False,High,7,754367,Generate Leads,Website Development
Padberg-Ferry,Finance,Medium,False,Medium,6,971357,Improve Online Presence,Website Development
Stracke Group,Finance,Small,True,Low,69,668732,Generate Leads,Social Media Marketing
"Boyer, Langosh and Johnson",Retail,Small,True,Medium,22,545160,Improve Online Presence,SEO
Cremin-Spinka,Healthcare,Small,True,Medium,63,945819,Improve Online Presence,SEO
O'Connell-Smith,Travel,Small,False,Medium,86,475320,Brand Awareness,Website Development
Wilderman-Stanton,IT Services,Medium,False,Low,92,413854,Boost Sales,Website Development
"Abernathy, Cremin and Greenfelder",Finance,Small,False,High,87,968055,Improve Online Presence,Website Development
"Reichert, Wiegand and Bernhard",Education,Small,True,High,40,930734,Brand Awareness,Branding
"Champlin, Schowalter and Waters",IT Services,Medium,False,Low,25,855972,Launch Mobile App,App Development
"Strosin, Simonis and Durgan",Restaurant,Small,True,Low,91,37184,Increase Customers,Branding
Schneider Inc,Education,Medium,False,Medium,19,763454,Launch Mobile App,App Development
Schoen-O'Kon,Restaurant,Medium,True,Medium,92,471928,Increase Website Traffic,SEO
Hilll Group,Manufacturing,Large,False,High,50,544905,Brand Awareness,Website Development
Kertzmann-Rath,Travel,Medium,False,High,30,617072,Brand Awareness,Website Development
"Ondricka, Sawayn and Pfeffer",Education,Large,False,Low,63,538366,Improve Online Presence,Website Development
Green-Torp,Finance,Small,False,Low,47,349024,Brand Awareness,Website Development
"Upton, Schulist and Pagac",Travel,Large,False,High,39,220829,Improve Online Presence,Website Development
Koepp and Sons,Restaurant,Medium,False,Medium,60,328636,Launch Mobile App,App Development
Herman Group,Education,Medium,False,Low,78,84278,Generate Leads,Social Media Marketing
Boehm-Murphy,Manufacturing,Medium,False,Low,23,655381,Brand Awareness,Website Development
Goldner and Sons,Healthcare,Large,True,Medium,18,640989,Increase Website Traffic,SEO
"Krajcik, Feeney and Kiehn",Healthcare,Large,False,Low,73,589535,Brand Awareness,Website Development
Deckow LLC,Education,Small,True,Medium,75,82501,Brand Awareness,Branding
Schaefer Group,Finance,Small,False,High,78,504477,Increase Customers,Website Development
Carroll-Schiller,Education,Large,True,High,18,386522,Increase Customers,SEO
"Rempel, Lind and Streich",Healthcare,Medium,False,High,14,820131,Launch Mobile App,App Development
Gusikowski and Sons,Travel,Medium,True,High,94,165324,Expand Business,Branding
"Purdy, Maggio and Cartwright",E-commerce,Small,False,High,46,378109,Automate Operations,AI Automation
"Rodriguez, Corkery and Dietrich",Finance,Medium,True,Low,38,498357,Launch Mobile App,App Development
Leannon-Cormier,Retail,Small,False,High,75,964475,Expand Business,Website Development
Roberts-Turcotte,Healthcare,Large,False,High,81,558968,Increase Website Traffic,Website Development
"Morar, Mann and Feest",Healthcare,Medium,False,Low,89,958312,Improve Customer Experience,Website Development
"Haag, Kuhlman and Bogisich",Restaurant,Medium,True,Medium,82,339194,Improve Customer Experience,Branding
"Thompson, Dach and Schinner",Real Estate,Large,True,High,65,290483,Brand Awareness,Branding
"Cremin, Effertz and Jacobs",Healthcare,Medium,False,Low,36,968262,Expand Business,Website Development
Reichert-Von,Real Estate,Small,True,Low,32,199788,Launch Mobile App,App Development
"Ledner, Murray and Aufderhar",Manufacturing,Large,False,Low,62,775226,Generate Leads,Website Development
Mohr-Runolfsdottir,Education,Large,False,Medium,39,429553,Brand Awareness,Website Development
Cormier-Keebler,Real Estate,Large,False,Low,33,500356,Increase Website Traffic,Website Development
Sipes LLC,E-commerce,Large,False,High,4,48233,Boost Sales,Branding
"Gleason, Lemke and Kutch",IT Services,Large,True,High,23,520357,Launch Mobile App,App Development
Lakin-Lehner,Healthcare,Medium,True,Low,74,363363,Improve Online Presence,Social Media Marketing
Lindgren-Graham,Manufacturing,Medium,True,Low,64,496860,Generate Leads,Social Media Marketing
"Rodriguez, Rowe and Dare",Retail,Small,False,Medium,31,135442,Increase Website Traffic,Branding
Leannon and Sons,Real Estate,Large,False,Medium,48,234993,Generate Leads,Website Development
Abshire-Feest,Travel,Large,True,Low,28,115994,Generate Leads,SEO
"Hane, McClure and Schmitt",Real Estate,Small,True,High,26,889443,Improve Online Presence,SEO
Hand Group,Healthcare,Medium,False,Medium,3,771591,Launch Mobile App,App Development
"Maggio, Lesch and Kertzmann",Retail,Large,True,Low,43,660354,Brand Awareness,Branding
Ratke Inc,E-commerce,Medium,True,Low,71,666160,Boost Sales,Social Media Marketing
Rice LLC,E-commerce,Medium,True,Low,33,57136,Improve Customer Experience,SEO
"Hyatt, Mann and Collier",Retail,Medium,True,Low,43,471247,Expand Business,Branding
"Pfeffer, Ziemann and Farrell",Restaurant,Medium,True,High,18,481886,Increase Customers,SEO
Graham-Predovic,IT Services,Large,False,Medium,40,552953,Expand Business,Website Development
"Pacocha, Schneider and McDermott",Finance,Medium,True,Medium,95,372967,Increase Customers,Branding
Kutch-Hoeger,Healthcare,Small,False,High,28,443296,Improve Customer Experience,Website Development
Schmeler Group,Restaurant,Small,True,Low,15,815128,Improve Online Presence,SEO
Shields LLC,E-commerce,Small,False,Medium,40,34290,Increase Website Traffic,Branding
Dooley and Sons,Real Estate,Medium,False,High,43,435031,Automate Operations,AI Automation
"VonRueden, Mante and Grady",IT Services,Small,True,High,76,873610,Improve Customer Experience,Branding
Hammes and Sons,Retail,Small,True,Low,21,354749,Increase Customers,SEO
"Herman, Jerde and D'Amore",Finance,Large,True,Low,75,359613,Increase Website Traffic,SEO
Lowe-Hand,Retail,Medium,True,Low,8,934997,Launch Mobile App,App Development
"Klocko, Bashirian and Bayer",Travel,Large,False,Low,64,194009,Increase Customers,Social Media Marketing
Cassin-Nader,Education,Large,True,Medium,57,101292,Automate Operations,AI Automation
Ferry and Sons,Finance,Medium,True,Low,52,676401,Brand Awareness,Branding
Mosciski-Klocko,Restaurant,Medium,True,High,12,996234,Improve Customer Experience,SEO
Sanford Inc,Restaurant,Small,False,Medium,59,897326,Increase Customers,Website Development
Ullrich-Yundt,E-commerce,Medium,True,Low,55,188949,Increase Customers,Branding
Kassulke Group,Retail,Medium,False,High,92,587785,Increase Customers,Website Development
Armstrong-Fahey,IT Services,Small,False,Medium,2,434177,Increase Customers,Website Development
Grant-Nicolas,Real Estate,Large,True,High,13,452939,Expand Business,SEO
Cole Group,Healthcare,Large,False,Low,7,543498,Increase Customers,Website Development
"Bode, Mayer and Douglas",Retail,Small,False,Low,42,111983,Generate Leads,Social Media Marketing
Hansen-Willms,Healthcare,Large,True,Medium,88,946859,Increase Customers,Branding
Smitham and Sons,Manufacturing,Medium,False,Low,44,133452,Increase Customers,Social Media Marketing
"Gottlieb, Schaden and Heidenreich",Retail,Medium,False,Medium,14,686238,Brand Awareness,Website Development
Bergstrom-Medhurst,Retail,Large,True,Medium,26,873554,Increase Customers,SEO
Treutel-Prohaska,Healthcare,Large,True,High,52,558240,Generate Leads,Social Media Marketing
"Schoen, Sipes and Block",Travel,Medium,True,Medium,35,539686,Launch Mobile App,App Development
Legros-Gerhold,Education,Large,True,High,53,406265,Improve Online Presence,SEO
Jakubowski Inc,E-commerce,Medium,True,Medium,63,157042,Generate Leads,Social Media Marketing
Breitenberg-Huels,Finance,Medium,False,High,59,222450,Automate Operations,AI Automation
Wintheiser-Witting,Real Estate,Medium,True,Low,23,854958,Boost Sales,SEO
"Ziemann, Rau and O'Reilly",Finance,Medium,True,Medium,92,896220,Increase Website Traffic,SEO
Boyle and Sons,Education,Large,False,Low,30,807838,Improve Customer Experience,Website Development
Buckridge Inc,Real Estate,Medium,True,High,24,264958,Generate Leads,SEO
"Blick, Wisozk and Koch",E-commerce,Large,False,Low,30,757749,Automate Operations,AI Automation
"Dicki, Veum and Adams",Education,Small,False,Medium,56,297846,Boost Sales,Website Development
Hills LLC,Finance,Small,True,Medium,27,530704,Boost Sales,SEO
Friesen-Streich,Finance,Medium,False,Low,35,195140,Improve Online Presence,Social Media Marketing
Barton-Kulas,Healthcare,Medium,True,Low,96,936104,Improve Online Presence,Social Media Marketing
Parisian-Green,Healthcare,Medium,False,High,81,217731,Automate Operations,AI Automation
"Ullrich, Grimes and Schumm",Healthcare,Large,True,High,21,913633,Boost Sales,SEO
Mueller-Rolfson,Travel,Large,False,High,52,186358,Boost Sales,Branding
Bergnaum LLC,Healthcare,Small,True,Low,67,229111,Boost Sales,Social Media Marketing
"Hegmann, Steuber and Altenwerth",Travel,Large,False,Low,82,114188,Expand Business,Social Media Marketing
Ziemann-Gorczany,Real Estate,Small,False,Medium,23,205827,Improve Online Presence,Website Development
McLaughlin Inc,Healthcare,Small,False,High,87,773811,Launch Mobile App,App Development
"McKenzie, Kris and Little",Finance,Medium,False,Medium,67,261825,Improve Online Presence,Website Development
Herzog Group,Real Estate,Small,True,Medium,92,455265,Boost Sales,Social Media Marketing
Legros LLC,Healthcare,Small,False,Low,62,956124,Expand Business,Website Development
Hahn LLC,IT Services,Medium,False,Low,70,523278,Increase Customers,Website Development
"Waters, Kuhic and DuBuque",Education,Large,False,Low,91,185657,Increase Customers,Social Media Marketing
"Roberts, Jacobi and Vandervort",Travel,Small,False,Medium,64,35082,Improve Customer Experience,Branding
"DuBuque, Dach and Reichel",Healthcare,Medium,True,High,65,873677,Increase Customers,Branding
Marks and Sons,Real Estate,Small,False,High,84,212636,Increase Website Traffic,Website Development
Stark LLC,Restaurant,Small,False,Low,89,709224,Brand Awareness,Website Development
"Balistreri, Marks and Kiehn",E-commerce,Medium,False,Medium,91,68922,Brand Awareness,Branding
"Kuhn, Becker and Ankunding",Manufacturing,Small,False,Low,95,869641,Improve Online Presence,Website Development
Gusikowski Group,Travel,Large,True,Medium,75,834292,Automate Operations,AI Automation
"D'Amore, Lakin and Lebsack",Manufacturing,Medium,False,Medium,20,689116,Launch Mobile App,App Development
Haley and Sons,Healthcare,Small,False,Low,69,930003,Boost Sales,Website Development
Von LLC,E-commerce,Large,True,Low,26,550386,Improve Customer Experience,SEO
"McClure, Shanahan and Morar",Restaurant,Large,False,Medium,53,997188,Improve Online Presence,Website Development
Littel-Okuneva,Retail,Medium,False,Medium,15,720260,Boost Sales,Website Development
Lesch-Murazik,Travel,Small,True,High,64,189617,Generate Leads,Social Media Marketing
"Skiles, Welch and Klein",Restaurant,Small,False,Medium,17,656325,Increase Website Traffic,Website Development
Hoeger Inc,Restaurant,Small,True,High,18,453334,Generate Leads,SEO
Erdman and Sons,Travel,Medium,True,High,79,503291,Improve Online Presence,SEO
Russel-Morar,Retail,Large,True,Medium,56,844996,Expand Business,Branding
Cassin-Johnson,Education,Large,True,Medium,57,802170,Boost Sales,Social Media Marketing
Lind-Hodkiewicz,Finance,Medium,True,High,84,610609,Increase Website Traffic,SEO
"Kris, Lubowitz and Botsford",Manufacturing,Medium,True,High,98,41439,Improve Customer Experience,Branding
Klocko and Sons,Retail,Large,False,Low,17,562209,Improve Customer Experience,Website Development
"Yost, Stokes and Fadel",E-commerce,Medium,True,Medium,93,261143,Improve Customer Experience,Branding
Yost-Schowalter,IT Services,Medium,True,Medium,6,326315,Increase Website Traffic,SEO
"Haley, Wisoky and Metz",Manufacturing,Large,False,High,1,554272,Improve Online Presence,Website Development
"Smith, Bernhard and Reichel",Retail,Small,True,Medium,40,535327,Brand Awareness,Branding
Pagac LLC,Retail,Small,True,Medium,98,796654,Expand Business,Branding
Considine Inc,IT Services,Small,False,Low,34,625382,Increase Customers,Website Development
Schinner-Lubowitz,Finance,Medium,False,Low,53,875784,Improve Online Presence,Website Development
"Kihn, Fadel and Casper",Retail,Small,False,High,31,544349,Improve Online Presence,Website Development
Kuhic-Upton,Finance,Small,True,High,20,838502,Brand Awareness,SEO
Shanahan-Armstrong,Travel,Small,True,Low,4,9838,Launch Mobile App,App Development
"Watsica, Spencer and Rodriguez",Education,Large,False,High,74,764655,Improve Online Presence,Website Development
Kling and Sons,Travel,Small,False,Low,37,640459,Brand Awareness,Website Development
Kuhlman-Dibbert,Travel,Small,False,Medium,12,22651,Increase Website Traffic,Branding
"Kassulke, Trantow and Yost",Restaurant,Medium,False,Low,88,993229,Improve Customer Experience,Website Development
Stoltenberg-Howe,E-commerce,Medium,True,Medium,32,184673,Increase Customers,SEO
Effertz and Sons,Healthcare,Small,False,Low,56,137547,Generate Leads,Social Media Marketing
"Kulas, Lynch and Wisozk",Healthcare,Large,True,Low,5,891764,Automate Operations,AI Automation
Block Group,E-commerce,Medium,False,High,55,221155,Generate Leads,Website Development
"Jacobi, Bayer and Barrows",Manufacturing,Large,True,Low,96,10772,Improve Customer Experience,Branding
Nikolaus-Williamson,IT Services,Small,True,Low,32,808753,Launch Mobile App,App Development
Wuckert-Green,Education,Medium,True,High,86,507944,Increase Customers,Branding
Windler-Wisoky,Travel,Medium,True,Low,73,954576,Increase Website Traffic,SEO
Jacobs-Kirlin,Travel,Medium,True,Low,25,404422,Expand Business,SEO
Hamill and Sons,IT Services,Large,False,Medium,53,762222,Boost Sales,Website Development
"Donnelly, Cronin and Koepp",IT Services,Large,False,Medium,84,25322,Expand Business,Branding
"Windler, Schaefer and Nolan",IT Services,Medium,True,Low,1,754570,Increase Website Traffic,SEO
Quitzon LLC,Finance,Small,True,Medium,12,552742,Increase Customers,SEO
Hansen LLC,Finance,Large,False,Low,93,822170,Launch Mobile App,App Development
Kohler-Boyle,Retail,Medium,False,Low,86,962374,Launch Mobile App,App Development
"Ankunding, Ankunding and MacGyver",IT Services,Medium,False,High,30,680972,Increase Customers,Website Development
Legros-Hessel,E-commerce,Medium,False,Low,61,329167,Boost Sales,Website Development
Lemke-Cummerata,Education,Large,True,Medium,81,250229,Launch Mobile App,App Development
Beier LLC,Retail,Large,True,Low,100,783111,Increase Website Traffic,SEO
MacGyver-Aufderhar,Finance,Large,False,Medium,11,946674,Increase Customers,Website Development
Quigley Group,Travel,Large,True,Low,65,80048,Expand Business,SEO
Bosco Inc,Healthcare,Small,True,High,20,692869,Expand Business,SEO
"Schaden, Reilly and Rosenbaum",Retail,Small,True,Low,25,303907,Improve Online Presence,SEO
Stanton-Christiansen,E-commerce,Small,False,High,39,715444,Expand Business,Website Development
Kling-Swaniawski,Restaurant,Medium,True,Medium,86,652135,Launch Mobile App,App Development
"Ritchie, Crist and Pouros",Healthcare,Medium,True,High,85,72142,Generate Leads,SEO
"Jenkins, Jenkins and O'Conner",Real Estate,Large,False,Low,35,128003,Increase Customers,Social Media Marketing
"Lueilwitz, Mayert and Buckridge",Restaurant,Large,True,Medium,85,130100,Generate Leads,Social Media Marketing
"Treutel, Hamill and Oberbrunner",E-commerce,Medium,False,Low,30,941434,Improve Customer Experience,Website Development
Heidenreich-Hickle,E-commerce,Large,True,High,54,131384,Expand Business,SEO
"Von, Prohaska and Dibbert",Healthcare,Large,True,High,76,789907,Improve Online Presence,SEO
Stark-Crona,Finance,Medium,True,Medium,48,651243,Improve Customer Experience,Branding
Weimann Group,IT Services,Large,False,Medium,63,904789,Improve Online Presence,Website Development
"Quigley, Harris and Stehr",Real Estate,Large,False,Medium,99,776799,Increase Customers,Website Development
"Douglas, Harvey and Lynch",Manufacturing,Small,True,Medium,81,611156,Improve Online Presence,SEO
